Workbook

Sheet 40 ລ້ານ ໄປໃສ
A1: ທຶນເລີ່ມຕົ້ນ 40 ລ້ານກີບ ໃຊ້ເຮັດຫຍັງ
A3: ລາຍການ | B3: ກີບ | C3: ສ່ວນແບ່ງ | D3: ເງິນໃຊ້ເຮັດຫຍັງ
A4: ='ລາຍຈ່າຍ'!A4 | B4: ='ລາຍຈ່າຍ'!I4 | C4: =B4/$B$11 | D4: ='ລາຍຈ່າຍ'!O4
A5: ='ລາຍຈ່າຍ'!A5 | B5: ='ລາຍຈ່າຍ'!I5 | C5: =B5/$B$11 | D5: ='ລາຍຈ່າຍ'!O5
A6: ='ລາຍຈ່າຍ'!A6 | B6: ='ລາຍຈ່າຍ'!I6 | C6: =B6/$B$11 | D6: ='ລາຍຈ່າຍ'!O6
A7: ='ລາຍຈ່າຍ'!A7 | B7: ='ລາຍຈ່າຍ'!I7 | C7: =B7/$B$11 | D7: ='ລາຍຈ່າຍ'!O7
A8: ='ລາຍຈ່າຍ'!A8 | B8: ='ລາຍຈ່າຍ'!I8 | C8: =B8/$B$11 | D8: ='ລາຍຈ່າຍ'!O8
A9: ='ລາຍຈ່າຍ'!A10 | B9: ='ລາຍຈ່າຍ'!I10 | C9: =B9/$B$11 | D9: ='ລາຍຈ່າຍ'!O10
A10: ເງິນກັນໄວ້ ລໍຖ້າລາຍຮັບ (ໄຕ 2–3) | B10: ='ສົມມຸດຕິຖານ'!B8-SUM(B4:B9) | C10: =B10/$B$11 | D10: ຈ່າຍຄ່າຂາດທຶນ ໄຕ 2 ຈົນລາຍຮັບເກີນລາຍຈ່າຍ (ເບິ່ງແຜ່ນ ກຳໄລ-ຂາດທຶນ)
A11: ລວມ ທຶນເລີ່ມຕົ້ນ | B11: =SUM(B4:B10) | C11: =SUM(C4:C10)
A13: ປ່ຽນລາຄາ ຫຼື ຈຳນວນ ໃນແຜ່ນ "ລາຍຈ່າຍ" ແລະ "ສົມມຸດຕິຖານ" (ຊ່ອງສີເຫຼືອງ) ແລ້ວຕົວເລກທຸກແຜ່ນຈະປ່ຽນເອງ.

Sheet ສົມມຸດຕິຖານ
A1: Phalom · ສົມມຸດຕິຖານ (ປ່ຽນໄດ້ ໃນຊ່ອງສີເຫຼືອງ)
A3: ຍອດຂາຍ ຕໍ່ຮ້ານ ຕໍ່ເດືອນ (ກີບ) | B3: 9000000
A4: ຄ່າທຳນຽມທະນາຄານ / PhaJay | B4: 0.015
A5: ສ່ວນແບ່ງທີ່ທີມໄດ້ | B5: 0.3
A6: ລາຍໄດ້ທີມ ຕໍ່ຮ້ານ ຕໍ່ເດືອນ (ກີບ) | B6: =B3*B4*B5
A7: ເງິນສຳຮອງ (ຂອງລາຍຈ່າຍ) | B7: 0.1
A8: ທຶນເລີ່ມຕົ້ນ (ກີບ) | B8: 40000000
A10: ເປົ້າຈຳນວນຮ້ານ (ທ້າຍໄຕມາດ)
B11: ໄຕມາດ 1 | C11: ໄຕມາດ 2 | D11: ໄຕມາດ 3 | E11: ໄຕມາດ 4 | F11: ໄຕມາດ 5 (ປີ 2)
A12: ຈຳນວນຮ້ານ | B12: 100 | C12: 250 | D12: 400 | E12: 700 | F12: 850
A13: ຮ້ານໃໝ່ ໃນໄຕມາດ | B13: =B12 | C13: =C12-B12 | D13: =D12-C12 | E13: =E12-D12 | F13: =F12-E12
A14: ເມືອງ | B14: ວຽງຈັນ | C14: ວຽງຈັນ | D14: + ຫຼວງພະບາງ, ວັງວຽງ | E14: 3 ເຂດ | F14: 3 ເຂດ
A16: ໝາຍເຫດ: ທີມຊວນຮ້ານເອງ ແລະ ໃຊ້ມືຖືຂອງທີມ (ບໍ່ມີຄ່າພະນັກງານ). ປີທຳອິດບໍ່ຈ່າຍເງິນເດືອນທີມ. ທີມບໍ່ຖືເງິນຂອງແມ່ຄ້າ. ຕົວເລກທັງໝົດແມ່ນການຄາດຄະເນຂອງທີມ ຈະກວດຄືນຕອນທົດລອງ.

Sheet ລາຍຈ່າຍ
A1: ລາຍຈ່າຍ ລາຍລະອຽດ (ກີບ)
A3: ລາຍການ | B3: ລາຄາຕໍ່ໜ່ວຍ | C3: ຫົວໜ່ວຍ | D3: ຈຳນວນ ໄຕມາດ 1 | E3: ຈຳນວນ ໄຕມາດ 2 | F3: ຈຳນວນ ໄຕມາດ 3 | G3: ຈຳນວນ ໄຕມາດ 4 | H3: ຈຳນວນ ໄຕມາດ 5 | I3: ໄຕມາດ 1 | J3: ໄຕມາດ 2 | K3: ໄຕມາດ 3 | L3: ໄຕມາດ 4 | M3: ໄຕມາດ 5 | N3: ລວມ 5 ໄຕມາດ | O3: ເງິນໃຊ້ເຮັດຫຍັງ / ແຫຼ່ງລາຄາ
A4: ແພັກຮ້ານ: ປ້າຍ QR + ສະຕິກເກີ + ບັດເມນູ | B4: 60000 | C4: ຮ້ານໃໝ່ | D4: ='ສົມມຸດຕິຖານ'!B13 | E4: ='ສົມມຸດຕິຖານ'!C13 | F4: ='ສົມມຸດຕິຖານ'!D13 | G4: ='ສົມມຸດຕິຖານ'!E13 | H4: ='ສົມມຸດຕິຖານ'!F13 | I4: =$B4*D4 | J4: =$B4*E4 | K4: =$B4*F4 | L4: =$B4*G4 | M4: =$B4*H4 | N4: =SUM(I4:M4) | O4: ພິມປ້າຍ QR ຕັ້ງໂຕະ + ບັດເມນູແປພາສາ (ທີມຄາດຄະເນ, ຖາມຮ້ານພິມກ່ອນ)
A5: ເຊີເວີ ແລະ ລະບົບ (Supabase, Cloudflare, ໂດເມນ, SMS) | B5: 1000000 | C5: ເດືອນ | D5: 3 | E5: 3 | F5: 3 | G5: 3 | H5: 3 | I5: =$B5*D5 | J5: =$B5*E5 | K5: =$B5*F5 | L5: =$B5*G5 | M5: =$B5*H5 | N5: =SUM(I5:M5) | O5: Supabase Pro ~0.56 ລ້ານ + Cloudflare ~0.11 ລ້ານ + SMS/ໂດເມນ ~0.3 ລ້ານ ກີບ/ເດືອນ
A6: ໂຄສະນາຫານັກທ່ອງທ່ຽວ (ໂປສເຕີ, ໂຮງແຮມ, ອອນລາຍ) | B6: 1000000 | C6: ລ້ານກີບ | D6: 4 | E6: 6 | F6: 10 | G6: 10 | H6: 10 | I6: =$B6*D6 | J6: =$B6*E6 | K6: =$B6*F6 | L6: =$B6*G6 | M6: =$B6*H6 | N6: =SUM(I6:M6) | O6: ບອກນັກທ່ອງທ່ຽວວ່າຈ່າຍ QR ໄດ້ ຢູ່ຮ້ານໃດ
A7: ຈົດທະບຽນ ແລະ ສັນຍາ | B7: 1000000 | C7: ລ້ານກີບ | D7: 3 | E7: 0 | F7: 2 | G7: 0 | H7: 0 | I7: =$B7*D7 | J7: =$B7*E7 | K7: =$B7*F7 | L7: =$B7*G7 | M7: =$B7*H7 | N7: =SUM(I7:M7) | O7: ຈົດທະບຽນບໍລິສັດ, ສັນຍາກັບທະນາຄານ ແລະ PhaJay
A8: ເດີນທາງ ແລະ ນ້ຳມັນ | B8: 1000000 | C8: ລ້ານກີບ | D8: 3 | E8: 3 | F8: 9 | G8: 9 | H8: 9 | I8: =$B8*D8 | J8: =$B8*E8 | K8: =$B8*F8 | L8: =$B8*G8 | M8: =$B8*H8 | N8: =SUM(I8:M8) | O8: ລົງຢ້ຽມຮ້ານ, ໄປຫຼວງພະບາງ ແລະ ວັງວຽງ
A9: ລວມກ່ອນສຳຮອງ | I9: =SUM(I4:I8) | J9: =SUM(J4:J8) | K9: =SUM(K4:K8) | L9: =SUM(L4:L8) | M9: =SUM(M4:M8) | N9: =SUM(N4:N8)
A10: ເງິນສຳຮອງ 10% (ກໍລະນີລາຄາຂຶ້ນ) | I10: =I9*'ສົມມຸດຕິຖານ'!$B$7 | J10: =J9*'ສົມມຸດຕິຖານ'!$B$7 | K10: =K9*'ສົມມຸດຕິຖານ'!$B$7 | L10: =L9*'ສົມມຸດຕິຖານ'!$B$7 | M10: =M9*'ສົມມຸດຕິຖານ'!$B$7 | N10: =N9*'ສົມມຸດຕິຖານ'!$B$7 | O10: ເງິນກັນໄວ້ ບໍ່ໄດ້ວາງແຜນໃຊ້
A11: ລາຍຈ່າຍລວມ | I11: =I9+I10 | J11: =J9+J10 | K11: =K9+K10 | L11: =L9+L10 | M11: =M9+M10 | N11: =N9+N10

Sheet ກຳໄລ-ຂາດທຶນ
A1: ກຳໄລ-ຂາດທຶນ ປີທຳອິດ (ກີບ)
B3: ໄຕມາດ 1 | C3: ໄຕມາດ 2 | D3: ໄຕມາດ 3 | E3: ໄຕມາດ 4 | F3: ໄຕມາດ 5 (ປີ 2) | G3: ລວມ ປີ 1 (ໄຕມາດ 1–4)
A4: ຮ້ານ ທ້າຍໄຕມາດ | B4: ='ສົມມຸດຕິຖານ'!B12 | C4: ='ສົມມຸດຕິຖານ'!C12 | D4: ='ສົມມຸດຕິຖານ'!D12 | E4: ='ສົມມຸດຕິຖານ'!E12 | F4: ='ສົມມຸດຕິຖານ'!F12
A5: ຮ້ານສະເລ່ຍ ໃນໄຕມາດ | B5: =B4/2 | C5: =(B4+C4)/2 | D5: =(C4+D4)/2 | E5: =(D4+E4)/2 | F5: =(E4+F4)/2
A6: ລາຍຮັບ | B6: =B5*3*'ສົມມຸດຕິຖານ'!$B$6 | C6: =C5*3*'ສົມມຸດຕິຖານ'!$B$6 | D6: =D5*3*'ສົມມຸດຕິຖານ'!$B$6 | E6: =E5*3*'ສົມມຸດຕິຖານ'!$B$6 | F6: =F5*3*'ສົມມຸດຕິຖານ'!$B$6 | G6: =SUM(B6:E6)
A7: ລາຍຈ່າຍ | B7: ='ລາຍຈ່າຍ'!I11 | C7: ='ລາຍຈ່າຍ'!J11 | D7: ='ລາຍຈ່າຍ'!K11 | E7: ='ລາຍຈ່າຍ'!L11 | F7: ='ລາຍຈ່າຍ'!M11 | G7: =SUM(B7:E7)
A8: ກຳໄລ / ຂາດທຶນ | B8: =B6-B7 | C8: =C6-C7 | D8: =D6-D7 | E8: =E6-E7 | F8: =F6-F7 | G8: =SUM(B8:E8)
A9: ກຳໄລ/ຂາດທຶນ ສະສົມ | B9: =B8 | C9: =B9+C8 | D9: =C9+D8 | E9: =D9+E8 | F9: =E9+F8
A10: ເງິນທຶນເຫຼືອ (40 ລ້ານ + ສະສົມ) | B10: ='ສົມມຸດຕິຖານ'!$B$8+B9 | C10: ='ສົມມຸດຕິຖານ'!$B$8+C9 | D10: ='ສົມມຸດຕິຖານ'!$B$8+D9 | E10: ='ສົມມຸດຕິຖານ'!$B$8+E9 | F10: ='ສົມມຸດຕິຖານ'!$B$8+F9
A12: ໄຕມາດທຳອິດທີ່ ລາຍຮັບ > ລາຍຈ່າຍ | B12: =IF(B6>B7,"ໄຕມາດ 1",IF(C6>C7,"ໄຕມາດ 2",IF(D6>D7,"ໄຕມາດ 3",IF(E6>E7,"ໄຕມາດ 4",IF(F6>F7,"ໄຕມາດ 5","ຫຼັງໄຕມາດ 5")))))
A13: ຂາດທຶນສະສົມສູງສຸດ (ເງິນທີ່ຕ້ອງມີ) | B13: =-MIN(B9:F9)
A14: ລາຍຮັບ = ຮ້ານສະເລ່ຍ × 3 ເດືອນ × 40,500 ກີບ · ລາຍຈ່າຍ = ຄ່າເປີດຮ້ານໃໝ່ + ຄ່າດຳເນີນງານ + 10% ສຳຮອງ

Sheet ແຫຼ່ງຂໍ້ມູນ
A1: ແຫຼ່ງລາຄາ (ກວດ 14/10/2026)
A3: Supabase Pro 25 ໂດລາ/ເດືອນ ≈ 0.56 ລ້ານກີບ | B3: https://schematichq.com/blog/supabase-pricing
A4: ອັດຕາແລກປ່ຽນ 1 ໂດລາ ≈ 22,578 ກີບ (31/07/2026) | B4: https://www.valutafx.com/history/usd-lak-2026-07-31
A5: ຄ່າທຳນຽມຮັບເງິນໃນລາວ ທົ່ວໄປ 2.5–4% (ເຮົາໃຊ້ 1.5% ແບບລະມັດລະວັງ) | B5: https://payatlas.com/countries/lao-peoples-democratic-republic-la
A6: LOCA Pay: 3% + 5,000 ກີບ ຕໍ່ຄັ້ງ | B6: https://loca.la/locapay/
A9: ລາຄາອື່ນ (ປ້າຍ QR, ໂຄສະນາ, ຈົດທະບຽນ, ເດີນທາງ) ແມ່ນທີມຄາດຄະເນ — ຖາມລາຄາຈິງກ່ອນນຳສະເໜີ.
